,Size,SizeStdev,Time,TimeStdev,Workload,CPU,Method_GET,Method_POST,URL_/wp-profiling/index.php,URL_/wp-profiling/index.php/2022/07/25/10-images/,URL_/wp-profiling/index.php/2022/07/25/20-images/,URL_/wp-profiling/index.php/2022/07/25/50/,URL_/wp-profiling/index.php/cart/,URL_/wp-profiling/wp-comments-post.php,Query_,Content_1.2M,Content_1.5M,Content_1.9M,Content_221K,Content_49K,Content_5.4M,Content_833K,Content_None
0,414.0,0.0,87230.0,0.0,0.0,0.0,1,0,0,0,0,0,1,0,1,0,0,0,0,0,0,0,1
1,834686.0,0.0,774262.0,0.0,0.0,0.0,0,1,0,0,0,0,0,1,1,0,0,0,0,0,0,1,0
2,384.0,0.0,89930.0,0.0,0.0,0.0,1,0,0,0,1,0,0,0,1,0,0,0,0,0,0,0,1
3,50486.0,0.0,117354.0,0.0,0.0,0.0,0,1,0,0,0,0,0,1,1,0,0,0,0,1,0,0,0
4,222110.0,0.0,263890.0,0.0,0.0,0.0,0,1,0,0,0,0,0,1,1,0,0,0,1,0,0,0,0
5,1241030.0,0.0,1217256.0,0.0,0.0,0.0,0,1,0,0,0,0,0,1,1,1,0,0,0,0,0,0,0
6,5368592.0,0.0,6447973.0,0.0,0.0,0.0,0,1,0,0,0,0,0,1,1,0,0,0,0,0,1,0,0
7,384.0,0.0,85667.0,0.0,0.0,0.0,1,0,0,1,0,0,0,0,1,0,0,0,0,0,0,0,1
8,384.0,0.0,120271.0,0.0,0.0,0.0,1,0,1,0,0,0,0,0,1,0,0,0,0,0,0,0,1
9,1461268.0,0.0,1273703.0,0.0,0.0,0.0,0,1,0,0,0,0,0,1,1,0,1,0,0,0,0,0,0
10,1864303.0,0.0,1612140.0,0.0,0.0,0.0,0,1,0,0,0,0,0,1,1,0,0,1,0,0,0,0,0
11,377.0,0.0,91148.0,0.0,0.0,0.0,1,0,0,0,0,1,0,0,1,0,0,0,0,0,0,0,1
